{"cameraMode":{"drawMode":0,"name":"Shaded","section":"Shading Mode"},"sceneLighting":true,"audioPlay":false,"sceneViewState":{"m_AlwaysRefresh":false,"showFog":true,"showSkybox":true,"showFlares":true,"showImageEffects":true,"showParticleSystems":true,"showVisualEffectGraphs":true,"m_FxEnabled":true},"in2DMode":false,"pivot":{"x":19.065515518188478,"y":13.65414047241211,"z":1690.124267578125},"rotation":{"x":0.06664476543664932,"y":0.9097704291343689,"z":-0.16173142194747926,"w":0.37669113278388979},"size":32.37244415283203,"orthographic":false}