{"cameraMode":{"drawMode":0,"name":"Shaded","section":"Shading Mode"},"sceneLighting":true,"audioPlay":false,"sceneViewState":{"m_AlwaysRefresh":false,"showFog":true,"showSkybox":true,"showFlares":true,"showImageEffects":true,"showParticleSystems":true,"showVisualEffectGraphs":true,"m_FxEnabled":true},"in2DMode":false,"pivot":{"x":7.662905693054199,"y":0.02393794059753418,"z":1.7198662757873536},"rotation":{"x":0.2999228835105896,"y":-0.13604292273521424,"z":0.04306827113032341,"w":0.9433151483535767},"size":11.774896621704102,"orthographic":false}