{"cameraMode":{"drawMode":0,"name":"Shaded","section":"Shading Mode"},"sceneLighting":true,"audioPlay":false,"sceneViewState":{"m_AlwaysRefresh":false,"showFog":true,"showSkybox":true,"showFlares":true,"showImageEffects":true,"showParticleSystems":true,"showVisualEffectGraphs":true,"m_FxEnabled":true},"in2DMode":false,"pivot":{"x":-0.01865488290786743,"y":0.026785612106323243,"z":-0.5418562889099121},"rotation":{"x":0.2999228835105896,"y":-0.13604292273521424,"z":0.04306827113032341,"w":0.9433151483535767},"size":12.26159381866455,"orthographic":false}