{"cameraMode":{"drawMode":0,"name":"Shaded","section":"Shading Mode"},"sceneLighting":true,"audioPlay":false,"sceneViewState":{"m_AlwaysRefresh":false,"showFog":true,"showSkybox":true,"showFlares":true,"showImageEffects":true,"showParticleSystems":true,"showVisualEffectGraphs":true,"m_FxEnabled":true},"in2DMode":false,"pivot":{"x":-46.456180572509769,"y":-601.9205932617188,"z":1500.3966064453125},"rotation":{"x":0.20878832042217256,"y":-0.0035481532104313375,"z":0.0001699030544841662,"w":0.9780590534210205},"size":828.8009033203125,"orthographic":false}